debit_credit,create_ts_quarter,TXN_AMOUNT_AVG,TXN_AMOUNT_COUNT,TXN_AMOUNT_FIRST,TXN_AMOUNT_KURTOSIS,TXN_AMOUNT_LAST,TXN_AMOUNT_MAX,TXN_AMOUNT_MIN,TXN_AMOUNT_SKEWNESS,TXN_AMOUNT_STDDEV_POP,TXN_AMOUNT_STDDEV_SAMP,TXN_AMOUNT_STDDEV,TXN_AMOUNT_SUM,TXN_AMOUNT_VAR_POP,TXN_AMOUNT_VAR_SAMP,TXN_AMOUNT_VARIANCE
Credit,1,659.443469387755,49,139.12,22.01781552085916,2002.5,8345.2,22.2,4.3538129883418675,1303.2613216764162,1316.7669810650361,1316.7669810650361,32312.729999999996,1698490.0725777594,1733875.2824231293,1733875.2824231293
Debit,1,1332.745,4,102.58,-1.8309856464493048,80.0,2949.28,80.0,0.1279333393546713,1269.494683830933,1465.8861948891758,1465.8861948891758,5330.98,1611616.752275,2148822.336366667,2148822.336366667
Credit,2,924.465,2,1693.88,-1.9999999999999996,155.05,1693.88,155.05,0.0,769.4150000000001,1088.1171280932952,1088.1171280932952,1848.93,591999.4422250001,1183998.8844500002,1183998.8844500002
