type,TXN_AMOUNT_AVG,TXN_AMOUNT_COUNT,TXN_AMOUNT_FIRST,TXN_AMOUNT_KURTOSIS,TXN_AMOUNT_LAST,TXN_AMOUNT_MAX,TXN_AMOUNT_MIN,TXN_AMOUNT_SKEWNESS,TXN_AMOUNT_STDDEV_POP,TXN_AMOUNT_STDDEV_SAMP,TXN_AMOUNT_STDDEV,TXN_AMOUNT_SUM,TXN_AMOUNT_VAR_POP,TXN_AMOUNT_VAR_SAMP,TXN_AMOUNT_VARIANCE
MM,452.3588445028189,13325,139.12,2301.5903028261346,54.75,168469.6,0.38,45.60820191162168,3211.030615076353,3211.151110812181,3211.151110812181,6027681.603000062,1.0310717610957623E7,1.0311491456470303E7,1.0311491456470303E7
SAV,432.7569949818235,13750,204.0,1506.1579063198203,9500.0,77183.6,0.0,30.82538686926212,1373.141178768772,1373.1911138990235,1373.1911138990235,5950408.6810000725,1885516.6968304927,1885653.835291241,1885653.835291241
CHK,419.20248542513366,14031,139.12,233.85894008953701,9500.0,31698.16,0.0,12.723297363560379,1002.9229395333142,1002.9586809826773,1002.9586809826773,5881830.07300005,1005854.4226421438,1005926.1157585117,1005926.1157585117
